temperature,humidity,motion,sleep_quality
22.4901424590337,57.74184841244686,10.506241086251281,1
20.585207096486446,54.415771962807064,10.532774066464222,1
22.94306561430208,51.269684656751906,10.500379003950002,1
25.569089569224076,49.04986089608417,10.524601923518047,0
20.29753987582999,53.13988650598294,10.44531926665231,1
20.29758912915246,51.616221491684975,10.550664685368647,1
25.737638446522176,56.84478532339975,10.54006027376811,0
23.302304187458727,54.32701110213921,10.49914556844659,1
19.591576842195146,54.543551997694244,10.572962283421619,1
22.627680130757895,48.137664007576106,12.66531845098977,0
19.609746921562614,55.89184378895294,10.45962200678155,1
19.60281073928923,50.28940339310661,10.501863761071688,1
21.725886814698104,60.73924777047537,10.501542882510634,1
15.260159266026607,43.684140542565466,12.94773212743678,0
15.825246502460901,56.0924422670567,10.581473742096586,1
19.313137412277083,50.14612262345178,10.53030869306136,1
17.961506638996728,45.22366330142612,10.526774257934468,1
21.94274199778582,48.0519418286213,10.439806881779662,1
18.27592777343637,47.03622734574658,10.57177090151046,1
16.763088895994127,50.00237418000665,10.478037080257325,1
25.39694630676466,54.81265059355983,10.542996631513315,0
20.322671098540393,46.7928355295773,10.55386884689791,1
21.20258461406377,49.97951934572697,11.930089474413455,0
16.72575544135963,58.57422951373914,13.089869506369624,0
19.36685182642445,57.82114176371579,10.389024392208958,1
21.3327677691296,52.34800223293496,10.549192477237684,1
17.54701926773309,48.463527024707545,10.630025559075541,1
22.127094055037016,51.163703661109814,10.601947317646971,1
19.198083930243584,52.16663182877387,10.550482970763731,1
20.124918750620168,44.44849654931806,10.515418190718396,1
19.194880163311808,47.81055739453918,10.580356129831864,1
26.556834553526812,44.43549690737546,10.491322690014776,0
20.9595083257862,51.9758697759195,10.56381788846781,1
17.8268672131323,51.649413305079854,10.56527350795833,1
23.467634736309567,48.817885056657914,10.593010495374942,1
17.337469050086934,56.03866834149363,10.677983001945552,1
21.626590785014265,44.18446707749543,13.303085092018224,0
15.120989628360674,39.73862041313124,12.827980819301768,0
17.015441853304708,49.12998001945221,10.5387212843904,1
21.590583707607372,55.53078336686446,11.074598491107446,1
23.215399739986232,59.52733832728246,12.300458088546408,0
21.51410484356991,47.96263110744025,10.519535878094343,1
20.65305515283528,55.219931743574115,10.51379558010327,1
20.096688913232132,49.35580210911253,10.547617743601686,1
16.56443402889772,46.91908051474476,10.498879003380889,1
18.840467374815873,53.3385333748413,10.596051533366223,1
19.618083687120638,52.57065623562742,10.54001035324591,1
24.171366678656746,43.70372255440712,10.539534983943069,1
22.030854868705383,57.89812918298217,11.664084050272741,0
15.710879533911799,54.255896537693154,10.547759534192949,1
21.972251908184386,47.358312446544545,10.581254913233382,1
19.84475315875105,51.40139424656257,10.496643489214454,1
18.969233999082125,51.45476793095475,11.929934660069247,0
22.835028866522602,52.22088326238084,10.524813698561166,1
24.092998567487854,48.794973514516826,10.472706453826339,1
23.793840357348596,48.03880333898404,12.705388303931816,0
18.482347430332084,48.613403360208814,12.034602766854848,0
20.072362872446355,55.399826532519995,10.583719459035635,1
21.99379029421069,53.21489592007751,12.329554088271355,0
23.926635381367078,49.61024603025301,10.549679495568377,1
19.56247728646413,53.13973219647379,11.286482212136812,1
20.44302307000855,35.478798431853896,11.79917003395762,0
17.680995077981915,54.08432604085148,10.559523242496443,1
17.411380127757987,39.507121169988494,10.534838912353374,1
23.437577467182592,49.406584026575636,10.553268117469981,1
25.06872008571247,46.43601056972552,10.51086206711942,0
20.783969635258998,43.41857743902497,12.595591593418451,0
24.010598693676073,57.309433283730634,10.533286041890683,1
22.084908075142902,48.203948031012,10.611137406804996,1
19.06464073618463,50.764839776745895,10.586310770112078,1
22.084186816525243,50.3074905138667,10.588269874229558,1
25.614109699397908,54.69225898581456,10.60180653609031,0
20.892521882670145,50.33037039663635,10.54443287954807,1
25.693930967442018,45.93200436277816,12.410509127908407,0
13.140764687730767,51.051716441101085,10.509117405228281,0
23.465707513125672,48.76407084075627,10.524196357198647,1
21.261141204714512,42.3476611090585,10.570788557488557,1
20.102977948602398,47.41091316947164,10.60019422185844,1
21.275282329606508,57.64144011797481,10.533027686215949,1
15.037293256197321,51.26975533866612,11.474524008105494,0
20.340984336487463,47.927231496204435,12.040808488375314,0
22.07133771453524,48.78938033567548,11.650622064699812,0
25.433682134224547,50.608665811025354,10.467807259193322,0
19.44518934517906,59.606334590393736,12.999097741550761,0
18.574519191320437,50.696936856817985,10.51247315752542,1
19.49472886924639,51.39757267057854,10.47896437870429,1
23.746206353106224,56.52452044671233,10.514592990117634,1
21.986253328979053,51.687072459622094,10.532610984059126,1
19.410719388698883,47.910148965245924,10.51733757954885,1
22.539802299340067,49.78815190424514,10.612623376723537,1
21.291232648044122,49.78761002695174,12.35977979191447,0
23.90593497159867,51.26685630325013,12.752930138779448,0
18.893840718367944,52.58506807736887,10.57111035720217,1
20.017013560206696,49.76823620913984,11.9086388083224,0
19.823675540603528,53.07503815637966,10.591955589371013,1
16.609455155603644,47.401144677258905,10.536211785673226,1
21.88836083119373,50.837356367177314,13.09558983959127,0
21.783165816539668,40.40057948560929,10.48640713834799,1
21.015340369927383,54.5893085584761,10.462312061699196,1
20.29623859987456,51.38056167942724,11.794959454306857,0
16.753887773848756,52.86699443622264,10.558820476304875,1
19.738064031703924,34.88775512488352,10.494897422282124,1
19.971856450419693,59.927801749113485,10.496516845936265,1
18.593168192335142,48.0986359553917,10.596271739220738,1
20.516142865001974,55.298985516188566,11.040395068532842,1
22.212152570443614,45.40654664959415,10.622133647662798,1
26.65855770363159,55.89314837712864,10.494968963267606,0
21.523733438495515,44.99478890337947,10.571919596280418,1
21.772651172168292,47.26748078260512,10.52356907621255,1
20.7766622527015,59.458487895684684,10.570159371554116,1
15.243686354102875,46.16843117323471,10.51279429989429,1
20.920458373652348,51.04739355272479,10.531860354696384,1
21.18069062982308,54.44068396835531,10.542045958769785,1
28.38972633745586,56.17327260859095,12.904537236922781,0
20.422917105656634,50.4635530785462,10.577041217271006,1
21.904642027000836,52.27712602583154,10.51433932167642,1
20.89586469088427,61.96501027163351,10.528570004232998,1
17.493965887141403,47.958888958402774,10.490282531269573,1
24.42846844354506,52.71972945534736,11.257812303861625,0
23.255799098060322,56.38117152906822,12.314718249908253,0
23.373095841129143,56.71417758535449,10.660630771080644,1
18.271837635615782,54.57107034560979,10.5792302143949,1
25.2083829328083,55.29784257655007,10.539036981013279,0
16.794446811623157,42.18219884215916,10.526855458539586,1
22.76057128140081,59.047443302205885,10.5411232946406,1
27.571366877429938,47.553956473621525,11.558091711536427,0
18.028391024607934,50.02737283849914,10.480959359234557,1
19.301106811191683,45.37917415549905,10.595716084733443,1
21.298954095262925,49.828785314666504,10.57576906577206,1
19.489573037651404,50.888598570343106,10.575909286285397,1
16.3480097068016,49.28079093065217,10.561923786940486,1
21.205688924418084,52.212448233385466,10.5409808328847,1
17.813088858821686,56.475100774704075,10.57364306179834,1
22.420777291905544,52.97806015352268,10.569590706687068,1
18.241727297298592,47.40008047219605,10.522297964452948,1
25.649803215052618,57.14533744896809,10.511319911355153,0
18.65024012299129,54.772472506118845,10.545092814763098,1
20.033815451382974,43.378868650006524,10.617451007574758,1
23.440551652109008,54.2072761753038,13.307395654508575,0
17.307407050698135,51.659567236903555,10.466623736712377,1
21.68237980381239,48.85337238510623,10.548238042061826,1
24.921428262847286,58.83924819798174,10.5425443850928,0
16.17755029631632,46.83849721299553,12.541030141751452,0
21.553901575596914,50.90483305515617,10.552197659895425,1
21.779648382745272,49.524465069953294,10.528839887268258,1
23.34546861533193,51.2506295455733,10.614493171930103,1
17.289147867365756,42.66319849920687,10.459954801076174,1
17.03863016074717,40.81906066740211,10.498575148760986,1
22.565824696850694,58.75543766455021,10.534837261992546,1
21.890954019699556,46.21067026825814,10.45784055944229,1
21.75147855103763,45.41877752823727,12.569759229330485,0
22.039344628490927,39.75272174622689,10.6230735082864,1
18.959925835264528,45.78515417918475,11.713038361990293,0
21.696761091483012,43.73293157870401,10.551535045285933,1
21.879217419896044,58.64968451062987,10.47699176174137,1
18.856945745920896,53.97755831967362,10.509181929598025,1
26.59732353343427,49.357910040828514,12.960003422781302,0
22.42149876273536,61.97292840808922,10.524114245162188,1
17.426089508392053,53.121872189154,10.604082189750187,1
22.96966082590149,49.36067349540763,10.567884553036256,1
18.075954989318035,36.04094892029115,10.484427102153148,1
23.361253811227357,62.63533976856739,10.552325238921599,0
24.47578673702221,44.79003103469313,10.564911087424838,1
18.537953044944867,40.54198278768798,10.597007451926062,1
23.890128387732965,56.557916353914685,10.619027034328418,1
22.238342780809496,62.817933422101106,10.489245290408606,1
23.46618047998347,58.15445433254433,10.499457124439482,1
26.690378947961843,55.66473507424272,11.918812208127925,0
20.26383565199139,52.605689534322124,10.52829900704465,1
18.73879150692753,53.1364735473653,10.563317918722316,1
18.33145671112343,52.46037130449554,10.589366725829453,1
18.552569145103686,50.182241692398726,10.536202448817873,1
20.76869487175769,50.40535295563822,10.524007623837257,1
22.02345592444993,50.198762322727355,11.765640922625312,0
21.830072397990058,46.64521325466164,10.498242854918498,1
23.481549747108073,49.83739948922017,11.92463704771479,0
21.03900567563372,41.55471876683993,12.229011544115519,0
25.36060223147195,51.68860298176222,10.549237028944786,0
20.20602950028613,44.66005921438848,10.64118031096148,1
29.160507499768855,48.56230716380557,10.540339992227999,0
22.87700204329502,51.8379717774149,10.530498048249925,1
18.42852733075115,55.67427509709857,10.522127728859477,1
17.78732250581666,52.98524428291989,12.718213423547265,0
22.447417245729557,42.871205604748894,11.390118590056812,0
20.329611644022446,44.71666513915954,10.429406904433524,1
23.142001482276275,55.774856681079214,10.616671685064816,1
22.419712873720634,45.79741946916877,10.468802142377491,1
20.78151326202938,48.76759088102956,10.526667383538278,1
18.459618845794786,51.48006991802015,10.518537778985067,1
16.455458325942406,42.88600688865303,10.569427663488534,1
19.660455143798938,49.85710510262927,10.460093782405812,1
23.569196382970418,44.61447071689419,12.792247762970451,0
21.642281232390612,47.31430239643924,10.641215481164341,1
17.262783663864035,49.73030150264471,10.47184129977036,1
21.519542777553546,42.29480272111842,10.549485308380518,1
22.15595213918651,52.78034975939525,10.506900891110169,1
18.3484276913966,48.5760248510649,10.56129436030965,1
21.461175317836584,52.99303743100403,13.132062870045461,0
21.174626155338,51.20688374799231,13.398655358331187,0
17.571089106508133,55.10624670312329,10.564393614243553,1
22.07336208104485,51.16280355376196,10.630217405489336,1
22.682353579104703,48.694149083926085,10.530454810413634,1
24.24915372952583,52.236064379924336,10.575987897107408,1
24.16140615610471,54.29719322323429,10.47533635210644,1
16.866991896128727,48.177796299692886,11.750642040231932,0
18.18652488025463,48.79622089614673,10.563620313894019,1
22.54510580162598,47.262594461779216,10.614205801426797,1
22.541357852736628,47.45617433861357,10.557780667439282,1
22.545143058918143,43.759545170460605,10.524347098473841,1
32.558194471964164,64.52698095191677,10.539964570271167,0
22.7126715320795,44.63701958908332,10.477479613301513,1
24.406696920541798,48.238822471291364,10.570225766317767,1
23.86200529047961,47.83896631739381,11.865611715386919,0
22.954173753917395,55.4517087616809,10.517395483358346,1
20.054192266078964,48.05234774157934,10.516497892612025,1
23.276907661479804,57.37716419410857,10.553293911482601,1
18.681524356387285,45.4733090569743,10.51816401319797,1
20.289544179779973,51.03974290100899,10.536693369268708,1
19.54390935651269,45.09521941195756,10.644986089458325,1
21.245622418158966,60.848556847946426,10.5276487149627,1
27.943975700020527,47.5339957548627,10.522082992398937,0
15.398204422224756,48.748205762247515,10.507622909718242,1
23.058780571123542,54.19827469022227,11.822890734160303,0
16.161852386431043,49.64992168047301,10.530938791339095,1
19.5842044026317,48.36566390692731,10.507531348083928,1
24.2668517909021,50.98432239678392,11.45420037857541,0
21.19284005728639,50.315477388538746,10.61098015022568,1
17.76676566621208,47.648372824963594,10.509978821713064,1
18.854088872220096,53.7464400200846,10.446673002431968,1
23.038793246804026,62.07201163135878,10.590375684491844,0
18.80890010484859,46.11699112738513,10.505768508711999,1
21.649375768745923,43.475672986477576,10.579531279958138,1
21.13671551971144,49.62694751809945,10.441494809114408,1
19.04519895718255,61.92114616686287,10.584629866914964,1
27.431832267975977,49.19754329413934,10.47944140353596,0
22.901757066954033,59.14646256069736,10.576538205953325,1
14.924572240027178,55.35079019039579,10.54071365339182,0
21.559362944308283,47.511740263614165,10.492303029030166,1
19.014640605694836,51.8522356987738,10.51964818435366,1
23.557300004388672,59.42063311783703,10.574315922847834,1
18.622437784701898,46.91558018741352,10.545294722655761,1
20.655790675599302,48.809993537287845,13.26900721584116,0
22.51496183694137,47.849076348727465,10.638822029225773,1
23.597265582510364,46.22484913779085,10.461787919414446,1
17.39911077883267,44.953167664086294,10.62086062874843,1
19.996496292477154,43.378546812427295,10.54521779687616,1
19.575164066517132,49.457999374554696,10.495060797583843,1
19.040012302278864,45.17013999584623,10.47348431871305,1
26.29636272084329,53.81711091937538,10.530543980461147,0
22.214945132882868,42.82799433542329,13.489624054701345,0
17.217348136994865,49.76307522956972,10.533622543981123,1
23.753585841164327,55.54443772862678,12.553209180159405,0
27.3664685910379,43.21455608266167,10.467441215497422,0
24.09739578165344,53.418980740064576,10.539395552607697,1
16.44189010213796,53.85929001343544,10.477380327779343,1
19.547297781401245,43.225443797244594,10.558181594131247,1
24.800733447559868,60.26322865796845,10.584344369504864,0
18.876991603143658,51.033590848402056,10.518961910315946,1
22.331458284438686,47.1406698634273,11.692088177240699,0
23.32390216028801,50.88310569185548,10.549947407339824,1
18.21920858526575,51.40123885524149,12.311982575564393,0
20.8214239318146,50.29073892296935,10.560214737748083,1
11.276197979792782,47.831878952128235,10.601789109591106,0
17.92683707599713,43.860050572601736,10.486447316017546,1
20.242295545820518,50.46795189309065,10.574010805272522,1
17.25665045410545,41.05975274252783,11.634612072369682,0
25.897233911794906,51.892486649153945,10.451070620799673,0
16.7095758661181,43.3352497257351,10.555982591295948,1
19.67986653990905,45.66228355700569,10.514791008449615,1
21.392221731858275,56.376576741981324,10.535923866344916,1
25.323819867198345,57.618460536570524,13.393743525965705,0
16.69241354646168,50.891897377766725,12.16193497726186,0
24.48949125646488,46.28318180486954,10.506214596041918,1
21.03069918305876,48.43330734305537,12.93680867340244,0
18.055474046856148,54.593225523323994,10.48563770305686,1
22.386310422789812,51.401739779594436,10.48570874355574,1
21.59717908672041,61.89523724326868,11.403185922738341,0
19.199349368523617,51.06626388123367,10.482560298242067,1
21.209406254970055,51.06494870993518,10.57331562504546,1
19.84405920941472,47.87644728369486,10.563129564642697,1
21.340552035753745,50.83798054178828,10.453709663560469,1
22.98639202356314,50.23084682987885,11.349371849172142,0
25.758050448436055,55.91956860766098,10.599705470152367,0
17.286553503519453,52.92678833573265,10.490941723443015,1
27.3991001239688,49.26960275944465,10.51677978688453,0
15.143736601432494,40.41570353292735,10.563103044662594,0
20.54464471489325,40.59129549193014,10.57916952546413,1
22.76495161945373,53.42243244428958,10.527423055697774,1
21.842975603205097,44.90465477073319,10.510124490265417,1
19.13190144053822,38.301497755506695,13.182890952629942,0
20.375633248928175,51.63070964711891,10.626944983189878,1
19.5209971960235,61.7254961851757,10.588942902539088,1
19.231905729167366,49.085598306884215,10.544265907128251,1
23.548806291063073,55.46685701778975,10.499586713917953,1
22.071046457895143,50.94467002168539,11.014638674146449,1
18.921271214218038,48.46618734115331,10.566125705263287,1
23.698799626299753,55.94478222808871,12.129586231461156,0
21.921898562629828,49.009576560371656,10.61007992964732,1
23.43858635651688,52.55625474861795,10.572522504626805,1
22.888886525770836,52.55293229386548,10.464845984912008,1
18.513014967233783,45.41605521540165,11.312067973531546,1
19.319456879409092,54.11994018738716,10.490096968634278,1
23.241880815369786,50.24614162420785,10.520801436402381,1
22.831110796300393,47.13682960068597,10.552510010312584,1
20.937295218107554,52.651196826905796,10.639783374489197,1
21.351982149926346,45.683651166007984,10.695495927800268,1
24.832994687365275,52.05740313052828,10.57033615295681,0
19.22528583349251,49.06704793352524,10.53084016906398,1
22.641292143510114,56.250123900912946,10.566725282424027,1
20.39342204269832,52.070202185748926,10.584382771293692,1
20.34695639031834,49.54834340143345,10.52396661872214,1
24.29633055596157,55.73699677398222,13.543858005962617,0
23.47624904696409,58.18916226856861,10.551503537959569,1
23.440528908001916,54.00931598576027,10.564887154454569,1
24.916436421462986,52.0099813099484,10.573296212602722,0
21.063011524898275,43.472324600698336,10.561079330530722,1
23.045858913884892,45.69736114156559,10.58194702502348,1
20.069199730219633,48.00847634333648,12.385466542163218,0
21.972499057465328,47.43868851793625,12.785556966863663,0
20.609570836896946,48.86992890352124,10.484992288351414,1
21.290987894978155,50.428743571974614,10.56197506153101,1
22.785471076310742,53.541199309939024,10.578946825175604,1
18.545337950299583,48.420175084854336,10.562888643307593,1
27.277161827056382,55.571089132659196,10.623724621667376,0
17.981947855500895,48.813346001801044,10.539720199058547,1
17.357434161636803,38.30138424904904,10.573437082779625,1
24.474332620500203,47.04048934115633,10.485414956193033,1
23.37498808188881,50.46705626233632,10.52064501487628,1
22.872359451156466,44.8877060113727,10.574776887878288,1
22.88503652779284,53.94216191387744,12.95710493375783,0
20.963259681459256,57.63538400244811,10.52530165261679,1
18.308236885542506,54.74792770125784,10.536420037407096,1
21.22741367458118,49.04649248263955,10.464106312665958,1
18.968514865463664,56.43788811698159,10.52214853995967,1
23.925359200253254,52.206016886137185,10.584519158175988,1
20.558827855493583,48.093984072156594,10.568760250805328,1
18.523508409622465,45.69474088710653,10.56503328606906,1
20.03584247504102,48.00557280507987,10.542488684359046,1
22.238794362826873,48.67851308870729,10.540353157931408,1
19.308826341588077,50.006494282671476,10.506983943026327,1
18.533338813300706,49.569539311899675,10.574941421010125,1
21.731061634475736,50.38076091800494,10.561048647219469,1
21.73489971332617,52.552140705394834,10.56460094239964,1
19.47917047388661,55.19281661087501,10.51369825786662,1
19.58688508314503,54.041213218779134,13.085877969245232,0
21.69614981207291,42.923585063786945,10.594857635587683,1
16.655746975508027,35.058267813244235,11.736519442098402,0
16.777608676870337,52.560403894631534,10.496861211797842,1
18.844667336242694,42.08794017604424,11.855148287018523,0
20.35965854486446,48.55600226296881,10.520399368004043,1
21.932722696794013,44.61579621810021,10.59299681920233,1
25.426068650848656,43.203132137524236,13.218629691596126,0
23.572978869606057,53.99380307582697,10.574178466160022,1
20.520184410109717,53.5558680065681,11.549404346626213,1
20.942951376291933,47.088923684512366,10.60059719926932,1
17.992411906086573,35.54099449231874,10.553062526561693,0
20.944460592022832,47.241008054749,11.869637795972281,0
20.134024083239584,51.526032068632524,10.547169423367112,1
21.968155681014267,43.08951999663649,10.451188238355083,1
18.518307169343032,49.675953183567295,11.360314994901458,1
22.558039542723517,50.702470525496786,10.488531424590896,1
25.598216739007732,55.19556586750931,13.17174749144368,0
20.67371955462943,50.43476161938548,10.463882040689105,1
22.205135166296824,45.73722287874064,10.595634418749496,1
23.07043197513334,57.018073495889126,10.508536830315359,1
19.796338584342493,48.60552142703639,10.616686385495823,1
21.67227744543125,50.199616025165966,10.513209926847384,1
21.037777202345385,45.35254880580671,10.454632102120351,1
21.293028295646494,47.930102891865694,10.484173778002566,1
18.6809706484336,44.416471754082295,10.601790581000346,1
21.073530522776828,49.172034961771296,10.532205091103165,1
22.493994873736348,59.305539837579886,10.51258563517547,1
25.353430823385125,45.31720969703578,10.548000911292638,0
23.87781247825562,43.371099249744105,10.565089136808377,1
27.45954737253467,60.58562532373538,10.595869940795122,0
18.697957311335852,47.8023602699086,10.612424961494645,1
23.616961910162033,47.963117261781434,10.522011567710544,1
21.550026017215057,55.474536445587916,10.473697615695897,1
27.56940879965302,50.25662670114219,12.919340604349081,0
18.575105143934547,57.91760113970196,11.3165174688203,1
18.480834473457673,52.130046593425185,10.491812053689468,1
19.201822063667933,46.66135399110545,10.492142454255246,1
14.62831282707058,57.6006974798628,10.557189394077493,0
19.422734934957717,46.182792852462164,10.537567382421477,1
18.722602015338907,52.57177786771599,10.54163984977058,1
21.451181359428624,51.72205358174678,10.502075233264996,1
22.025267927331477,57.021340410659725,11.162566943091788,1
26.628512517647657,60.6218122424581,10.493788342786583,0
23.85127151455815,51.58565650260791,10.584509920556238,1
19.26928903301279,45.36755516477548,10.591762466736187,1
18.304755985954927,50.95223870767305,11.931578947153884,0
22.47575751451952,47.34930190849923,12.38135892387335,0
17.039300378938073,58.08658642710215,10.465173537245494,1
26.49437629756306,53.42986480419522,10.507498803279654,0
24.538320362163862,49.94255242452139,11.587455750564851,0
19.592473043685885,50.219638051167486,10.467517739015072,1
15.860596412727368,40.69466675871521,10.493907009343733,0
25.061617122496237,47.172738368694866,10.489802131395924,0
20.656380464242147,55.8302597718432,10.550363366469947,1
24.713448935920386,48.57225307310321,10.54346721685181,1
16.216717023616898,42.37380359839875,10.503913122333136,1
19.201874931138683,51.784201228205774,10.548841043606968,1
21.01573109915455,55.93638632289226,13.344548343421419,0
21.140941781294227,53.66523744397245,10.526417244483696,1
19.649803585562267,54.30514022181021,10.623672604514926,1
22.868549797042498,47.150299455673945,10.607023052589517,1
17.797138711852217,41.28951602221689,10.47502093815362,1
20.57286154493612,57.29309903224549,10.581486620893958,1
21.360886895135696,48.56704425335717,10.58056982772458,1
22.543316502176246,49.51749316881289,10.482586835562369,1
23.13484463426667,57.70839302637862,10.580938882187743,1
17.626073724486393,51.094186909246496,10.616896595920627,1
16.397657487793133,49.978267604304605,10.48387275968778,1
24.83303046569553,62.74152695735319,10.494124858949286,0
21.996942035938776,47.28087986606867,10.590883073342175,1
18.75454039033034,53.516470835571354,10.553574765541281,1
25.653455926567567,52.611793587769206,12.080887215379358,0
21.347023902878576,51.51647334575557,10.557029460820024,1
24.53789155219148,59.4112879081584,10.559534796046407,0
21.202555444230327,52.640456503563286,10.473676393584444,1
27.18224377464596,55.78260228257115,10.592365885331072,0
26.266022527329614,57.99554795021382,12.339077554373421,0
20.253107554562778,47.80179012956696,10.528530462796597,1
23.914712852863065,47.2613080897365,10.537826152509306,1
22.936127848755444,45.74401795427256,10.463444624872213,1
25.105894672597046,42.22116438941851,10.56571273780089,0
18.105229618259685,58.83365045883146,10.568602872085707,1
23.05815437999532,45.51303536138924,10.536890449150034,1
24.175273460548762,50.48136861234552,10.596217667993525,1
15.723781540730657,45.97782427092073,13.029286214835084,0
17.450224462002673,49.76214572004684,10.56823029629468,1
14.882303466719698,51.01983779605633,10.489016783065393,0
20.191779496666328,53.89825719013189,13.393967941177776,0
23.152626767387886,48.16092619084925,10.531282287104858,1
25.507071156288085,51.41792700921198,10.551265396102046,0
21.222284341259325,51.52404192307116,10.521523653558331,1
25.885846636713875,51.1994676874392,10.533426370216416,0
16.859695625355325,55.966575692777624,10.581302358572074,1
15.889852681934535,49.89980109915853,10.518161788138089,1
20.833356903310143,53.59106738190416,10.459671144963066,1
22.152196346817924,53.89050451674603,10.62747919521027,1
20.90191575571772,55.81832716528549,10.609072703934524,1
14.79767369988037,47.80394464345871,12.226835158821796,0
20.732639881461633,43.38216020095159,10.574485390262259,1
17.08659149848544,50.04173550800593,10.514851261472431,1
23.009017646490115,47.747724354285914,13.07857708566581,0
22.099794738290544,47.906813960396484,10.554711206450675,1
18.180360641017934,51.52200041428443,10.528279609984184,1
19.45839924798992,55.42061498116314,13.381778597717492,0
17.822359434333144,48.517537600846886,10.505472947384186,1
20.811962708180484,51.450146417085065,10.494190404225938,1
23.865426961503715,59.94378820392805,10.498408889588477,1
18.04282186099337,49.72517682793953,10.536641085497532,1
22.512139546553534,63.76448534417874,10.504212000544461,0
19.409227144882678,52.03216180059906,11.696082075133571,1
18.621381503212966,40.006876955827394,10.614362307766795,1
20.678908920136326,53.60616256559082,10.510997337931498,1
17.89427303274188,50.35292844078483,10.551970225026768,1
19.339052083958453,55.61828981239295,10.564984255515146,1
17.406366322233453,51.56908991746652,10.563600113545963,1
26.89417539874917,52.25480777945572,10.543797763395803,0
21.105790655915186,43.931404146510765,10.577134120917986,1
18.900823476022243,47.90529545158099,10.564112447634033,1
21.641939732202665,46.06836759505484,10.478116878883634,1
20.66301585092751,46.92889067644014,10.583457803219463,1
20.33709120140033,52.61143762280321,13.273086167853076,0
22.842500100130277,59.27077257182217,10.50183569479107,1
23.272523130141916,53.10961921418586,10.54189689177238,1
19.40849655716842,43.224832968408286,12.697613500232109,0
19.27254527806596,51.359285980133684,11.858576431790617,0
20.17484490854507,55.57057988750079,10.5936489023883,1
14.094236505793246,43.49820373129971,10.658193624730966,0
16.454426813404343,47.05712757333758,10.50070069836825,1
25.100622802333575,52.123752374812774,10.47094776984231,0
25.93490314050385,48.54296000484072,12.91822778650733,0
20.252891881330864,52.86784810988473,10.576078125256306,1
22.7296708891673,50.26009470154474,10.52845668130776,1
21.93375046363061,52.564537451350446,10.61266303316605,1
30.236642425365712,50.180860323672356,10.473069710013837,0
24.35872473430373,49.492070865534814,10.57464593115158,1
20.6162472255577,53.42003040191771,10.509706958962054,1
18.133378678198724,46.70252357864053,10.625968895310365,1
16.18066103922728,56.22514977578067,10.639625767658405,1
21.61039090760167,48.30701452572782,10.501667170610832,1
18.73094776414709,49.98889751083298,13.159267446316004,0
16.73323887120698,52.52957359496894,12.184641602909723,0
19.060281347272422,41.93831200897105,10.520643467510524,1
17.755355989156815,39.573633934674525,10.537729439103387,1
26.061424905217695,44.90243087975837,10.54126942102712,0
23.64491927084835,57.63538015256008,10.444016342190116,1
20.976082076050147,47.22875030856284,10.539308112695288,1
25.43983241667008,65.0109126366763,10.50551361129679,0
21.232104922942856,47.294814468184484,10.51534385888001,1
18.41614739601521,49.63083021399279,10.61218160017344,1
25.56937223180897,59.99523587874386,10.477174655286037,0
22.616730131053977,60.8388295063226,10.580660259337398,1
17.888261537020632,58.75164865169231,10.526051853483409,1
20.428983965749175,55.756323135840304,10.526011991575208,1
18.373145239845726,53.80688524898017,11.972499429785197,0
16.85160080710699,50.88843514955941,10.557002564728444,1
23.778532642594925,55.28107170213065,12.681577089472636,0
26.72824992141039,50.108196379062534,12.550478761291119,0
16.804297278542577,43.81115422215975,10.523434580840833,1
22.688907710071714,50.8275815679811,10.509388163274611,1
19.04807229263452,48.173113033692616,10.48574247367211,1
19.53862384870591,47.00317167771658,10.49872947350105,1
19.222818227283394,52.59334635092527,10.687454721265436,1
18.40802769096055,53.48053988833283,12.774425306638552,0
21.14556488383448,50.514816873376475,10.472446281689598,1
18.507149650766888,56.14122523065976,11.425839978568769,1
21.811370477339516,44.69723966800224,10.564093303085924,1
20.849285671652588,48.9563455394277,12.282797375131105,0
20.28315585940077,46.05746632668637,10.567444191765867,1
18.277309013875207,39.30597142157231,11.703650351542294,0
19.269686008295,48.721439574934,10.533727286999854,1
23.26617367747727,50.524349296822216,10.556393976207968,1
22.502751562873144,58.31862449764723,10.544294650314665,1
18.067334265604348,51.68772555557606,11.91183947688032,0
21.297996916287676,45.02806433649781,10.52851001847124,1
23.254161370115366,60.397543516728625,10.497429678286984,1
15.991784156635884,53.601060555944706,10.548760570945424,1
22.630080577139804,53.72552880591298,10.68926295013017,1
19.01212872316246,47.87364386733207,10.558374083273714,1
22.711796005779476,46.058701819272336,10.52432351569138,1
18.710222530372448,46.99407738483096,11.412883384073254,1
15.585353698006443,52.736419947524155,10.56413439436046,1
16.117372686350514,56.9816178728483,10.561004724522592,1
21.144254839984146,57.78834506135301,10.570342529660783,1
21.779167505164445,47.945336643650855,10.642827178241475,1
18.287050124686775,43.04543789589833,10.483455578233704,1
22.915777376332123,51.662319922722084,10.563681603840571,1
16.01543981319312,38.66552307878231,10.493680943500923,0
20.80176060405805,51.51671887295293,11.698562472654995,1
17.36695140071263,47.44546276886297,10.494065674425695,1
19.044491676593523,46.69206332895555,10.519131659319745,1
21.142196013949242,42.09758267064065,12.682813513595974,0
18.418759904148143,51.27738048492266,10.588790835967234,1
19.846333367310525,46.7596624853457,10.58592272219712,1
24.018878427643322,45.659855035270226,11.407287782071826,0
19.269324391430555,34.77335112930703,10.542746705549991,1
23.507076336195425,51.115963642844534,10.504521007262541,1
17.610879436027147,57.166697701362295,10.477074754466232,1
22.589412533745847,59.10100233961227,10.529149147478782,1
25.3247058619737,49.87687164805549,10.524575860577208,0
13.585066499618133,43.281472948000165,10.661335824317275,0
18.60931423358857,51.14852839716941,13.25984688166055,0
22.73121638154162,45.87368099482936,12.46936734247826,0
20.39086384187102,51.20439142003284,10.511761299791452,1
22.113437620113928,54.387120201980416,12.392428758033615,0
19.18804443985254,55.22868833934781,10.644422138643495,1
21.259769362418698,49.62911429880958,12.655008937391402,0
20.53296829382376,48.748115396027046,10.446003780743046,1
24.50334618497942,47.36176015870691,10.633548258768588,1
21.76326252990364,46.24722949475252,10.559480708868545,1
22.012807986225607,49.37400953360517,10.496585363406181,1
19.764369101632596,51.21901208489719,10.56673145430612,1
19.53718132778252,53.836513795057506,10.408212613049155,1
19.702325436541138,45.33526796486885,10.540168775329857,1
22.18335642713489,58.05512105836506,10.556391058642154,1
19.737046557539212,48.01290527355676,10.586213506976891,1
21.869324570689237,50.32782581360244,11.94779805503102,0
27.226202395936316,49.37704280222904,12.232973646152,0
23.613374110295076,39.18548575378283,10.49372876869702,1
20.021929403496475,53.931191683553486,10.552769187783715,1
24.603641766491833,55.48604036870808,10.495232683881849,1
19.775773880935347,47.98124915487661,11.440291429311271,1
14.885626394466438,47.27776678335758,10.490209230260488,0
17.97574106724779,51.06756662214439,10.572556812091182,1
15.387624236922433,39.381082834028504,10.582922555832832,0
19.945459547876073,46.82746638720656,10.52826897150213,1
21.055255137568654,53.99895096689346,10.541911899748001,1
26.02931193682585,46.24320885256668,10.467570429268322,0
21.98078212129249,51.958180721479394,10.52501616759966,1
20.34269841357341,42.88844018366967,10.537489769147912,1
23.488216743550467,53.57625828394286,10.671039654551498,1
14.366594072976344,46.50508962500075,10.484401648711291,0
21.706843674325697,42.2777627576353,11.786112789416693,0
23.3125955816609,56.97999456311631,12.501319536006948,0
16.564241262660474,44.109162747339994,10.554031820224505,1
24.431262129620787,47.66436887973849,10.627931024209756,1
22.015489222483243,51.51059059739634,10.558605273630342,1
19.754136258297596,55.12025487629237,10.559457959783396,1
22.898345598318855,45.870063704267444,10.537343967349122,1
27.81207857341319,53.71443853594645,10.601178444120931,0
21.545598765175484,52.41688188424061,10.594823461690543,1
21.744661758901007,53.83785891576622,10.508716135625189,1
19.621917301379266,50.19316642707576,10.47403764027006,1
18.450466891605625,46.890094250386205,10.529850968130216,1
23.491007449632736,47.107552621572765,10.499998071780118,1
18.4317485222734,49.146593676368575,10.536823771269232,1
21.214698711658176,44.74665429590105,10.601871906734207,1
19.56702765970465,34.67676141237929,10.51713491724566,1
22.436939477239175,52.90126875940793,10.53785883093442,1
22.000986315860846,55.020167363361395,11.664250689058983,0
24.112619832773696,39.741647738677656,10.582421544110263,0
19.469950803435758,44.18632187816819,10.427655533300769,1
20.190375194119888,52.69095890208594,10.509664985261734,1
18.06370885265308,58.81933177488503,10.550564184613973,1
19.667120219771665,49.43752864826287,10.600003947821342,1
22.131901479134555,46.92593603342161,10.51540487762469,1
23.270965849936054,50.22100071944383,10.446172364697905,1
18.233504027467124,55.49113410947449,10.570985572298307,1
23.60881776031698,48.07458798453581,11.28076591966104,0
25.066913576414855,48.037496754956166,13.16312453458349,0
22.240304709671104,48.20643474392539,10.508782730514337,1
26.630387437674198,48.04855067754354,10.530773732117206,0
18.67863240268928,49.452667781318624,10.509762766773088,1
17.266035890065748,56.25641023738068,10.429721697145046,1
15.663839253287165,48.94731599222373,10.584853309844355,1
25.48813293446755,50.98229895660234,10.603743752063934,0
22.963096969062175,49.52249213995337,10.572576099566975,1
20.833245987268636,42.10066895015103,10.483115716478759,1
21.83990587895946,54.83550182521552,10.529925423302624,1
17.62353285810487,47.92258044398842,10.539673934238527,1
28.33725593885048,52.76622840147211,10.569939719478095,0
21.387663545925683,66.15936961218713,10.573417024435903,0
21.32818438381468,51.65785673373578,10.503291310061075,1
23.177299871696075,47.32969468537212,10.544099777820676,1
22.44302769521014,48.58972586657735,12.340648116454512,0
21.671652072837393,56.07805458240247,10.612791116107337,1
18.628576633664064,49.380640369520854,12.837827592875218,0
22.414405071407987,43.51581264411716,10.579452834368775,1
26.6460734894251,57.41918141758857,10.544191331396467,0
25.036260138464932,48.6774096415375,10.610522957260175,0
25.77955987991819,61.756268821046824,10.560488139797974,0
19.466352970706446,54.633416813926466,10.496945604491321,1
18.031185539224257,46.27898329131837,12.83597561575808,0
20.622639239701055,56.2164014285261,10.57489516362695,1
21.167174736866084,50.42286492107006,10.517847798943576,1
24.282574555412847,55.90515565331752,10.516025351630036,1
15.922606110855542,49.88496714190014,10.554828777257038,1
25.58865095838184,48.06254220423655,11.580203972596868,0
20.525976304263033,46.545238990544206,10.54986461328156,1
19.71935679015774,54.50948248298468,10.555565433672143,1
17.963686874219498,46.80796677657704,10.624997868728817,1
16.03542998440269,45.49947267599136,10.593577157611744,1
23.469511751885744,46.45914297919611,10.54953177956325,1
21.219953901565212,52.22797227874992,10.587065529038373,1
17.13011730077684,58.37768324660415,10.488373804823622,1
17.11476368380915,42.71971727063321,10.55989635249734,1
19.992645902129617,49.6174202344286,11.552611475912641,1
26.007064575868178,59.56463506501124,10.529097705230381,0
20.221225945909186,49.212406016726014,12.017063389584452,0
16.49057114064568,50.007144551571514,13.130140605467036,0
20.262770807742168,44.319417763136684,10.48551834813288,1
20.181829290756987,51.73245013141673,10.500761904593613,1
12.909340071175285,45.0189487105649,12.764035010081246,0
20.837115400446564,54.847207678622595,10.469721649041068,1
20.307196409373965,55.59052846251074,10.540780916697479,1
23.088619094440254,63.99212775731319,10.585113858689331,0
26.546868284836037,55.671600008485896,10.494612190992653,0
24.379695088643274,53.31882912723247,10.615964196182087,1
20.19333392833551,50.56858847205443,10.565539604426379,1
17.68042227377499,46.574379672834056,10.591529029281203,1
28.72007940974958,55.55245892218325,10.507108272307391,0
21.177655302043465,48.61182060032658,10.58272626135333,1
21.041787875738837,50.86319881921749,10.485403304980233,1
20.92762473866999,56.5518000473748,10.584512375041825,1
21.594254282303567,45.26441431475358,13.194858103368562,0
20.566918764228173,55.48285218775931,10.567662560999239,1
19.27901397935929,55.725082326378974,10.481220269718756,1
19.359423176278824,48.58936895318402,12.259048487194894,0
20.901740189352005,39.34159559963303,10.569861410912669,1
19.369725686598706,46.145752907827195,10.49258259978879,1
18.86146265196851,55.4157040587898,10.563160314604955,1
21.31929068307569,50.04530503004344,11.02198773205021,1
20.235068347737435,44.62102301239417,10.582408710633333,1
25.511978965748064,49.73211487673294,11.323687067112191,0
13.047090574820963,50.22664541993325,10.567614996883975,0
24.274520555767385,54.37092811889059,10.571281546682298,1
24.738255577492886,50.674467292897965,10.50516140907852,1
14.779829302775552,45.05579259231434,12.441375407454416,0
19.971937217758953,47.52717786366036,12.314161967340064,0
19.885677402012625,44.830787778513795,10.513057907190362,1
16.777464915846537,55.96561090527048,10.48957226579619,1
18.666549937227373,47.22167262255699,10.441868715416371,1
17.668272463602513,54.41992883592874,12.568264957965784,0
26.256811330270867,60.23498592474769,10.461759861431897,0
23.807035179442384,56.39507208046099,10.544767209972065,1
24.814665284982475,49.749231078901,11.819184143614091,0
23.165016192129706,53.1011585477479,10.57395713877191,1
17.61284468634831,48.18544431121958,10.524897725025506,1
19.42643920116068,44.6947102969297,11.407986874465685,1
22.468123683683753,52.35585825044989,10.576593535214414,1
17.333616573324164,42.27160933086307,10.556752901454205,1
23.138995290517165,57.0078945875664,13.41836795931056,0
20.279023805525593,47.31642541627083,10.563463379490425,1
19.875537577351206,50.443567068039805,10.463221393839644,1
23.132879904610476,52.48287931003595,11.112494773781497,1
22.33278993445812,49.371870098708676,10.570623439700679,1
19.91710150254276,52.392019758647756,12.01587242609688,0
24.477989410092743,49.36447642193375,10.52779597631629,1
17.75681001720031,52.73489149588637,11.266589615161463,1
22.84780682083279,44.19400500918265,10.533275160779912,1
22.779303773905152,51.52154978468464,10.556692998328426,1
20.071360682058028,59.23032533632043,10.611568339091558,1
21.978399066726354,45.48754291033531,10.59408833638364,1
17.24665927084409,44.73460478279779,10.474389040328429,1
23.772081057620703,53.95557977710493,10.571103499515301,1
20.44529359067103,50.6205557050335,10.606446665976769,1
19.431830938442882,50.96906596558924,10.55934042603446,1
24.147027677510668,54.01944948949365,10.594549021259297,1
18.886968928371722,52.11709180699471,10.640613522285037,1
16.77461611090932,53.43580726523577,10.591185477305348,1
16.330112479428287,49.71414952435671,11.419203214820039,0
22.81802985403692,49.70272665392575,10.592254423704237,1
17.15871194251115,51.44222447726923,10.547244391654843,1
26.264382545953094,62.131600947452625,13.323798819388887,0
14.754211776348834,46.21393715626155,10.522429288214312,0
26.089369104870116,47.67203802908185,10.618170667941605,0
21.633052401607856,55.85192954723879,10.499078566702899,1
20.709860664388824,49.25302451242642,12.730930994611539,0
19.36524273957315,38.31927363971639,10.564993206187017,1
22.197408343056214,54.835812557280214,10.470034691259903,1
20.887095892725455,47.266907016593116,10.55838246464957,1
24.309905646049565,51.202286411503984,10.434998674617418,1
21.34268294598612,51.831243125838135,10.57127540084155,1
21.450905284385634,51.17795104108815,10.58426157414945,1
19.90916336335843,53.00184076737441,10.510382202217396,1
20.829163128836797,47.73714971156918,10.546177384797778,1
21.923405306676177,53.0272316442185,10.637707871687514,1
15.869494822030124,46.137014023095475,10.514712664786902,1
16.955443733682863,51.67177427127895,10.48705462064717,1
23.229792282068146,54.19173356109934,10.614083170123129,1
21.512596314383824,45.579104646968936,11.75527192851587,0
20.448049990941964,55.15393557634614,10.540184783592391,1
21.05530179919618,47.34783367402785,10.590573151770418,1
22.042745116085012,54.56166154944823,10.607073795776543,1
19.380720959071915,51.026797046542654,11.475865269348967,1
18.665085823793063,58.023461295872146,10.515734708231605,1
21.587535765293044,49.17643797078726,10.601543725657736,1
18.064881667154904,46.78585685298646,10.624250713935425,1
22.224758267143415,50.515281104133045,10.568144043008717,1
15.89224918728648,45.93022567947186,10.496009282324897,1
24.087466911976932,55.543442965698716,10.639353055584971,1
22.41779244723913,42.62734318143662,10.5134514551094,1
21.768089202941628,45.11563250573904,10.523243110941426,1
23.948072951836544,46.13502186802231,10.55711689172448,1
25.99642333338773,57.24974962656174,12.296831747912226,0
24.043110195054393,60.07462196043682,10.58269879882761,0
15.477377306005064,46.71644256031517,10.560743275018094,1
17.161269099792896,47.23652593394639,12.718948773332706,0
19.125544266912964,49.413032949022394,13.071841043458122,0
21.0782731506325,55.8485280883572,11.928136020349529,0
22.55297706140737,46.13972285975082,10.969933275378652,1
18.822768560539604,50.103229193943726,12.880113950831474,0
21.560300293431236,55.15613829562777,13.544439640275012,0
18.73385120294003,51.372396451169244,12.048698663923677,0
19.165446591024157,50.0306313785058,11.555927608134091,1
16.78001670945533,52.895238817563374,12.830736435416807,0
18.23030026166729,35.09898866583745,10.627773784915775,0
16.944946183151,51.36184968923004,10.618650986260741,1
18.072380241068004,45.26581170489688,10.51670972154409,1
24.160925389823518,42.42729821062947,10.532458114421665,1
18.15180333350417,51.13191466437699,10.53630262171958,1
28.897146194512175,60.81686582307088,13.259905249603046,0
22.479953702642668,50.05273427818287,10.549751249201405,1
21.554508371084623,55.041626921557004,10.50208589655562,1
18.42492665945636,56.77385461967141,10.483469233253123,1
23.100929638226972,57.625037087033725,10.571135561195012,1
19.27308652128668,57.3363659075003,10.57147647921109,1
21.366029443936085,53.8936521773275,13.364158467581825,0
28.680253614806382,54.21729500191116,10.584767771538129,0
20.71182030082605,41.846081090927186,10.508421113541733,1
24.447819978857027,50.49359754877877,12.889179013678236,0
18.89047072462234,44.729002385730205,10.581017200630622,1
20.895034528509115,60.80223085174363,10.538319371764814,1
26.31240190690653,51.77677189129158,10.562737045607056,0
19.119098826636698,49.67557344724078,10.51417851780562,1
26.437345673990787,55.476099717197734,10.530176670828594,0
23.123255806366426,51.27964013504548,10.529707028455983,1
19.312599672317198,57.63155503831236,13.244107728845513,0
22.897223217166562,47.83536479991102,10.53116129184421,1
23.91766334888019,52.4318689506263,10.462569085056812,1
22.86542988665159,47.22036201483555,10.515442312642893,1
16.28932584032863,41.04455036406078,10.525756225331516,1
18.818588472525395,45.85044878173627,10.52719101237523,1
20.257444093345487,49.44353806143068,10.52792512770646,1
20.776699712699862,47.741838733763636,10.536911790006993,1
22.862016292652033,47.468903246956735,10.563972075904303,1
21.533103002799763,43.23496418304071,10.583725853706625,1
16.993966923869696,47.58145559879137,10.507511738657586,1
22.14059355301789,43.046694906353935,10.479839957230542,1
22.83175723585147,54.716158436373746,11.744063573041517,0
22.679371343793118,51.25188443656908,10.515639853940252,1
24.242342176663865,44.33341359100728,10.522403934109173,1
23.50176646364671,49.70483784657404,10.501500196690126,1
22.37754023768531,46.92798809088974,10.475194166787505,1
20.78950286562406,51.490623984907934,10.51719395862629,1
16.017117199452024,54.21081082984174,10.549071331005697,1
22.288854657397756,41.26856498047016,10.569751473291777,1
21.623063061489333,50.88666192648175,10.512128847344583,1
21.81473651158612,49.60670427795986,12.462142814862595,0
17.169754272539073,51.44157751852187,10.493665084557634,1
17.756830378775213,49.44439833057606,10.53842804148126,1
24.15945855999871,47.81988262130526,11.494157602945132,0
20.881334538430036,48.34539759088193,10.56865639066206,1
23.044502092117874,47.042121762041496,10.450706675403294,1
21.084955128391382,55.42251325718868,10.522018516377376,1
21.089268418487237,50.15119245260333,10.555055366959586,1
23.814851417927994,60.91337913772904,10.549191725816124,0
19.45186581534788,48.92262883860083,10.674651683199023,1
21.28836233082295,46.60214733085916,10.557490001228395,1
19.613174133884872,41.7380151038783,10.489797270157899,1
19.696511317703052,40.3325572775718,11.191305105839996,1
20.072483629594082,41.61556209976959,10.451187683326676,1
21.666401314901137,51.668833912507985,10.535970012535161,1
19.563754135009567,51.82550218365445,10.498347197149961,1
24.767268376720562,43.97768067819962,10.585769513778008,0
18.316178093341488,53.13328061705133,10.512522986270222,1
20.43938506751592,47.304387275340765,10.534161704210236,1
19.680806825177477,50.07436847251649,12.831496609122794,0
25.3409336530612,60.23156996780772,10.626942567592666,0
21.589664329534724,54.77902874409502,13.239366096834086,0
24.095533618405906,50.20511356967379,10.63162785217396,1
16.543318880889082,43.3156983133681,10.580707588105913,1
21.801150797607775,39.64149839215736,10.564103336366768,1
23.66889238687031,47.738679597223054,10.558436657365876,1
21.246851967826274,49.06777478977467,10.559689864910812,1
24.196441125196053,46.66232292684211,13.086693714457196,0
19.448134649698883,48.567782489387916,10.526055830292462,1
25.22804232055674,52.49828057507221,10.582257898559215,0
27.89669437085775,52.324067276388476,10.537555140826294,0
19.911484318681023,46.20572925522321,10.46974050765982,1
19.663492435797686,50.17501957773248,10.537379777471125,1
25.360153431353105,54.389779963523594,10.625205275812773,0
25.73871643719214,46.91736283138184,10.602344585776736,0
19.431419918540193,56.270371858001454,10.536899799531698,1
19.73943954871243,48.876779112934905,10.587572463852904,1
20.154646173418477,49.67157120143348,10.521674648981596,1
16.96664846689717,51.52439634973137,10.454806420658663,1
18.244044160547404,49.78810273659121,11.11176845483697,1
17.987577699743795,53.25947201943812,10.618144438425409,1
18.696607304687614,50.28392447835293,10.526300345908535,1
20.895945337839656,46.885785795717645,10.527830801031248,1
21.702644197609562,52.15883972483529,10.525008090186255,1
25.65150147844223,46.60711970261781,10.63520682947865,0
18.004937877783625,49.04526746777442,10.621297945768102,1
23.95296719542975,51.31033364449257,10.650939011672406,1
20.358033467323473,48.63843244729904,10.532047739479996,1
20.8516088710427,49.283116878326695,10.554781224437354,1
23.02445847649981,41.6029840107617,10.464167872528959,1
17.631833935313104,45.57229242895174,11.638072414881416,0
22.147229238552153,51.03783912498165,10.481611022436603,1
21.49935662463917,51.04896027230659,13.08070436478284,0
22.47735379202445,45.60030119138243,10.485134873618357,1
21.867505931723453,56.76229217018523,10.510556658663065,1
28.365900419732682,49.35207596879384,10.498136878447514,0
19.08678004724605,53.89067602625671,10.509606236966208,1
19.407009134994546,51.3394763768557,10.513043864842551,1
19.13057842072571,45.83415266114384,10.512586560253744,1
19.333568642519236,58.04333878430718,10.581666695589014,1
19.087838618080447,43.07573515025782,10.484756860346874,1
24.567049593322654,56.379295664711336,11.077815315589088,0
25.261512743969565,57.133667962199674,10.600897957615278,0
19.287761118751572,45.79077951399256,10.51434018177433,1
18.502933280687316,55.7137931406653,10.50410405546262,1
22.414246669159212,49.456890761584845,10.528473768740987,1
19.343330867157086,50.61513357997782,10.598986260418034,1
22.898795453266533,52.25100692048937,10.549705381547668,1
21.6087690625539,49.63284082392421,13.110573940029791,0
16.452767655008305,51.78042519330306,10.5641938325594,1
25.642515603990184,56.288701404756154,10.484885392508177,0
26.387633019286564,43.95115664345238,10.574067975522146,0
19.16163392854684,55.602518178664184,10.560430365385088,1
19.83689532019205,41.10598771991765,10.524609576443055,1
21.857596172174716,55.591529107795644,10.498070710077638,1
22.003370369961075,56.13521086911845,10.495665953885826,1
22.97563281801849,45.53298425793325,10.566740866817295,1
27.03061361629905,50.9612353683766,10.601449025124452,0
20.469158317517852,44.20605581632925,10.50813461264856,1
18.60510826638464,47.72794898174864,10.562919335177574,1
16.86204231595642,46.3908497370495,12.009832057457764,0
18.80720988017424,52.80190760143382,10.51076911346714,1
20.900619081378608,56.501853271287345,10.538447053356455,1
26.383673590553364,59.670255849226464,10.494515829150908,0
19.447166102891487,46.41274291855423,10.49317468126052,1
21.671363854916695,49.289572558735706,11.914068123186235,0
20.950731311781745,41.55817469478612,10.554609636416318,1
24.56517982034425,47.75323957769118,10.530633549079681,1
28.580797277620867,58.61465680429772,10.42808843833375,0
19.40739368123904,57.28161095836068,10.433964992368246,1
19.531681672445334,43.094096476823054,10.50965674110714,1
24.132482631207218,48.60392001983914,10.562884329302676,1
23.045674468878936,50.89080844964483,10.402624757863737,1
26.540121977208102,54.170866782702085,10.515013491192418,0
22.751784555977892,46.82787467838072,10.513687607174129,1
19.922123727638823,51.581367086139856,10.609416888910422,1
22.77196449207693,48.51678551068389,10.520748909414356,1
24.326110741748725,51.59079401648297,10.559149449237045,1
23.461446543592093,53.96214451181454,13.201225068752125,0
22.521822093321894,50.79302239571564,10.433471676009638,1
24.200024068767462,49.41808258175089,10.578410360831587,1
24.50788677133702,51.20589436603935,10.550769825272814,1
25.14647697311258,51.631423690529616,10.565413431983728,0
22.94612966276893,49.123009681973826,10.736311885321815,1
20.498645759049438,48.45534256618921,10.43579435302507,1
21.440141059299968,58.21330638217357,13.35288097114266,0
24.61952689952507,54.614360689468725,10.525627624029982,1
18.549192987038293,47.297194903373345,12.733638593330301,0
22.106019926618703,54.03778198586303,10.537724387734936,1
19.819983563017917,47.74089433272891,10.518788183330097,1
21.086234468804452,55.90874042233543,10.511508353588061,1
24.835355587821894,53.76588875490142,10.55647543677865,0
21.57329720405971,49.750137882008715,10.464141315166415,1
21.139309644468447,52.308239451285615,10.577528958376087,1
16.920431577060242,40.10583502818763,12.633196722401767,0
23.238760698081663,45.4855430044918,10.483496533047981,1
22.936452543423226,44.998601239716336,10.517499357100208,1
27.48976416991638,53.95959755877673,10.602857460843127,0
20.076665295140998,58.20090764499596,10.513233245649188,1
21.65745098299182,61.48522622245907,13.016390730900076,0
21.748151051132265,53.56433103276992,10.503452186214226,1
25.732359839290424,54.870402294367494,10.57789609249618,0
20.714113402839143,40.851768030655876,10.57427538693951,1
21.83706457731102,47.70516328998541,10.63243044166482,1
22.82368952914962,46.972926005033614,10.531221802725039,1
21.559827369469076,47.17567569347896,10.573432740237894,1
19.660699156348414,48.48963048525026,10.544903376976947,1
21.582269978694924,47.93068210086182,10.60479358909315,1
24.220895249579314,41.71394857291072,10.504058380619563,1
17.92045410176682,52.19977833147108,10.577250265643864,1
21.398909022440627,44.835739382521275,10.530265135194165,1
18.89963755518248,50.146053098146986,11.63445655133215,1
24.585139886774527,62.16298329213713,13.398273217987581,0
16.430439285648674,43.11829668489222,13.268562924721689,0
19.323234458185233,36.51017961536097,10.5341885478439,1
22.131635625193564,49.13579670319623,10.550735659158525,1
25.69657208770302,57.853084218844366,10.618905902878108,0
20.802749216781038,59.693111879493486,12.968835349172464,0
19.334401419920404,43.01945273769812,10.583457729624843,1
26.64347120832177,55.30523172034349,10.517223023698806,0
16.65595829875127,45.501426865475366,10.495537958588583,1
14.403582130139753,46.1720492935492,10.587765027911887,0
22.32004335016,63.88173841016518,10.583802339626489,0
19.493837326942167,41.73206702149532,10.613633533787548,1
17.93630154860786,49.736849081776796,10.509800968701537,1
23.12506934189806,53.4010005297762,10.528522567231981,1
21.731402141313595,55.794632695353535,10.458025791873727,1
19.307764107789815,49.64379782124938,10.520376444696955,1
17.159086803987318,49.619796099514176,13.001455901491155,0
23.617371984840435,49.35044315531126,10.516675231038588,1
22.950603533875984,52.32093647316353,10.57202398976004,1
20.70247240866185,48.13527482684387,10.530474844700109,1
26.539910988143,55.87781494335175,10.556202851411078,0
17.78974570102154,46.5468211702926,10.482615430509215,1
16.423424487225784,49.59721421312383,10.544260472481694,1
18.924275790356266,48.81582382675324,10.390443201454962,1
20.863241950933507,55.5618722293276,10.5306551920919,1
21.730018347968077,50.1080405560416,10.458476337814242,1
20.27629182643101,40.7729835721811,10.60029972582734,1
22.05616618954289,56.8376905983414,10.578870367638224,1
17.24538172742867,43.59402935940124,11.771544557829746,0
25.331293812219776,48.89681521286579,12.994247622292384,0
20.753546464822293,46.898466762193685,10.492554173958757,1
24.351887494764384,58.54813421323628,12.927761812223128,0
22.02817603913311,39.83571694967308,10.586609578213018,1
22.37025965746135,66.37387249703065,10.528172235639051,0
22.70930184069661,56.13493496567857,10.596781007359146,1
22.343125680051944,51.787757410671766,10.484685324379418,1
22.92816827960263,50.68961413671988,10.498774291923615,1
24.987457590397295,53.421499169486935,10.509570513838014,0
21.589563509104412,52.9003938964489,10.5135511145968,1
23.127011272765536,54.289583566133054,10.487172117861986,1
20.73079291713832,52.6434187885864,10.601154153354765,1
25.32035164634842,52.60807922945046,10.527057279981507,0
18.97082309382219,47.99871944537446,10.557625248417843,1
26.402821298732448,51.94504423109866,11.447505599458065,0
20.87952614806697,48.96522167227008,10.448969834972573,1
16.707674693645856,53.52268783115825,10.55350286791957,1
21.38431324473237,53.15994023377049,12.096633096745464,0
18.95684502757536,34.276479340466274,13.476015344068056,0
23.521930646966172,54.54046920613189,10.471584248058358,1
19.04212806209283,49.994745004640286,12.93302627649132,0
19.66144970035566,49.23718106794834,10.585568136108735,1
15.331377807163406,45.22309663813727,13.318419425656053,0
19.64308104225277,54.94210412105645,10.603185333882733,1
13.72836202011313,51.10181332067085,10.497684201126713,0
16.24829152954283,43.75975742565337,10.567173968933504,1
23.281243968432893,53.17588341983912,13.491393079993195,0
23.357400475952495,46.32041656526982,10.553201004066683,1
22.276372685354893,43.74009551873279,10.603617675005337,1
18.09907157061236,45.415949662356354,10.576624605138988,1
20.85686593157406,54.240400327700826,12.484743592446765,0
20.989192382728294,54.760221418244576,10.457255628188584,1
17.52490593242237,50.82788006669765,10.491997685236026,1
25.510194905301454,55.880576386890716,12.731531064559306,0
23.632086871727015,53.8969348714383,10.544668618713832,1
20.337107478511008,46.46114576314074,12.453468887425885,0
21.080657516983592,52.1999414818615,10.66058383377892,1
21.625148423842656,54.31462183805974,12.163568385055392,0
14.874795394727128,50.70885434643144,10.570105916019623,0
20.25846785243821,55.57380078359232,13.040241293955777,0
18.954047256006604,52.51854286400862,10.529389551504941,1
17.995139970315254,50.25481102286554,12.55660885765227,0
20.156699121342136,54.929100752253206,10.543874025925943,1
26.393059580548567,52.563923494028984,10.552887627007136,0
22.92252858380103,46.551891035761926,10.477911971225918,1
19.28646303065161,48.32789669560699,10.556708820862244,1
22.717748344068475,47.13436094800199,10.532237047558763,1
